{
    "file": "wire\/modules\/Fieldtype\/FieldtypeRepeater\/InputfieldRepeater.module",
    "textdomain": "wire--modules--fieldtype--fieldtyperepeater--inputfieldrepeater-module",
    "translations": {
        "f2a6c498fb90ee345d997f888fce3b18": {
            "text": "Supprimer"
        },
        "6b46ae48421828d9973deec5fa9aa0c3": {
            "text": "Trier"
        },
        "03c2e7e41ffc181a4e84080b4710e81e": {
            "text": "Nouveau"
        },
        "7264d8c26ac9671a31cd3eb3ddd4a447": {
            "text": "Cet \u00e9l\u00e9ment deviendra \u00e9ditable apr\u00e8s l'enregistrement de la page."
        },
        "de9ced9bf5e9829de4a93ad8c9d7a170": {
            "text": "Nouveau"
        },
        "84b9f1e68847c185ca36db3bc2f8de18": {
            "text": "Click pour supprimer cet item, ou double-click pour les supprimer tous"
        },
        "9a04ad51e71ca7e14841c880abe89a44": {
            "text": "Supprimer tous les items ?"
        },
        "675056ad1441b6375b2c5abd48c27ef1": {
            "text": "Profondeur"
        },
        "4ee8d3067ffde7991e2c009f775ceb75": {
            "text": "Attention : seul le premier %d item(s) sera utilis\u00e9."
        },
        "44a3084a1ce251fb76ba7fe540a18863": {
            "text": "Cette action est d\u00e9sactiv\u00e9e par les r\u00e9glages min et\/ou max des items."
        },
        "485c9b5a61ede20a8ccc332f120da1f9": {
            "text": "Click pour basculer l\u2019item en on\/off, ou double-click pour ouvrir\/fermer tous les item"
        },
        "b5fab487adaf66b676d31b8fd16af85b": {
            "text": "Ouvrir tous les items ?"
        },
        "d7280b1cbbae6481f050a9184b8fa445": {
            "text": "Fermer tous les item ?"
        },
        "be3fb8f18ddcd8f47b92e020f1474b1b": {
            "text": "Erreurs dans l'item \"%s\" %d"
        },
        "2ca001ee3992ee08c53099d65cbde4eb": {
            "text": "Afficher les param\u00e8tres ?"
        },
        "36bb6559696dc9124986ae120515984f": {
            "text": "Coller"
        },
        "b08aa2661c47b855f0d19241bbcd533d": {
            "text": "Actions cloner\/copier\/coller"
        },
        "393953d8fb0ef2812c824d0289a6374f": {
            "text": "Ins\u00e9rer un nouvel \u00e9l\u00e9ment apr\u00e8s celui-ci"
        },
        "202f13dbe40c7bc01cc962912fdd9947": {
            "text": "Ins\u00e9rer un nouvel \u00e9l\u00e9ment ici"
        },
        "2020359603b0f865a5403d499d17cd63": {
            "text": "S\u00e9lectionner une action pour cet \u00e9l\u00e9ment"
        },
        "12f7a820373a9eaf83b664efcd81cf5b": {
            "text": "COPIER cet \u00e9l\u00e9ment pour le coller ailleurs"
        },
        "f56fa1882f668e5cd2b2eedcc372a4cc": {
            "text": "Element en m\u00e9moire pour le copier\/coller"
        },
        "1be669e51975cbb293eb0f681a8231f2": {
            "text": "CLONER cet \u00e9l\u00e9ment et l'ins\u00e9rer au-dessus de celui-ci"
        },
        "e99d82e0ea1ce2a652c0f37bd32535dc": {
            "text": "CLONER cet \u00e9l\u00e9ment et l'ins\u00e9rer en-dessous de celui-ci"
        },
        "644415464da017bcc4ee5387c90f98b6": {
            "text": "COLLER l'\u00e9lement copi\u00e9 au-dessus de celui-ci"
        },
        "36e5afb31c8d93603a1f4a38ae05c342": {
            "text": "COLLER l'\u00e9lement copi\u00e9 en-dessous de celui-ci"
        },
        "b374d8e1bbf5987f273d3e5c49b1086b": {
            "text": "CLEAR (effacer) la m\u00e9moire du copier\/coller"
        },
        "28deaa9cdfe4f45e2a939dc59571818f": {
            "text": "Ins\u00e9rer un nouvel \u00e9l\u00e9ment avant celui-ci"
        }
    }
}