{
    "file": "wire\/modules\/Inputfield\/InputfieldImage\/config.php",
    "textdomain": "wire--modules--inputfield--inputfieldimage--config-php",
    "translations": {
        "fefc3e3c3400216f77f0b3c6b12adfb7": {
            "text": "Caract\u00e9ristiques du champ"
        },
        "34ad9feb46d0ae8a8ab105230c7e5e1a": {
            "text": "Mode par d\u00e9faut de la grille d'images"
        },
        "c53c009277b900e7292c4b49f07ddaec": {
            "text": "Dans l'admin, la liste d'images appara\u00eetra avec cet aspect par d\u00e9faut. L'utilisateur peut en changer quand il le veut en cliquant sur les ic\u00f4nes en haut \u00e0 droit du champ"
        },
        "e6c7b90087278c53b5361182358a2d92": {
            "text": "Si vous avez utilis\u00e9 ce champ d'images r\u00e9cemment, vous devez supprimer vos cookies pour constater les changements de param\u00e8tres."
        },
        "a188c29fb8020eee47113073e366f78e": {
            "text": "Grille d'images carr\u00e9es"
        },
        "06d5ddb736061086ad90f364eca1c56d": {
            "text": "Grille d'images proportionnelle"
        },
        "fa996d5ac4351e7e603f3ab1b9f77afe": {
            "text": "Liste verticale (verbeuse)"
        },
        "e0f4085735da81540154c2c351147301": {
            "text": "S\u00e9lection du point de focus"
        },
        "f6a9e8b3977d98dd0e4b7b13720c858b": {
            "text": "Active un point de focus d\u00e9pla\u00e7able pour s\u00e9lectionner le sujet d'une image. Utiles pour g\u00e9n\u00e9rer des recadrages non proportionnels"
        },
        "17450a5a8844e5a36f3911d94bea2b72": {
            "text": "Un aper\u00e7u du point focus est \u00e9galement affich\u00e9 lorsque les images sont en mode \"grille d'images carr\u00e9es\"."
        },
        "470ede3fd1e5fcf4fca77d7fbf5df11a": {
            "text": "Point focus"
        },
        "2d07823e1de7d7eb6f09477f9070524f": {
            "text": "Point focus et zoom"
        },
        "84a327773a9172357f703ebdbb28680b": {
            "text": "Dimensions maximums de l'image"
        },
        "ef375d406da59811c42dc0f5a245dca3": {
            "text": "Vous pouvez saisir largeur et\/ou hauteur maximales des images t\u00e9l\u00e9charg\u00e9es. Si sp\u00e9cifi\u00e9e(s), les images seront redimensionn\u00e9es au moment du t\u00e9l\u00e9chargement lorsqu'elles d\u00e9passent la largeur ou la hauteur maximale. Le redimensionnement est effectu\u00e9 au moment du t\u00e9l\u00e9chargement et n'affecte donc aucune image du syst\u00e8me ni aucune image ajout\u00e9e via l'API."
        },
        "16e3e850ce20fe9fa8340e6d27693f61": {
            "text": "S'applique aux images JPG, PNG et GIF."
        },
        "1a2b9bdaad8fc3ebd6b83463a0def69e": {
            "text": "Entrez la valeur en nombre de pixels ou laissez vide pour aucune limite."
        },
        "e69ccb31941d2fd7923c6b0c01957db3": {
            "text": "Largeur maximale des images t\u00e9l\u00e9charg\u00e9es"
        },
        "c58e466902d0ff945d0677114e41682b": {
            "text": "Hauteur maximale des images t\u00e9l\u00e9charg\u00e9es"
        },
        "9fdc5bac96032d0465aa6cc6543d1871": {
            "text": "Comment redimensionner aux dimensions maximales"
        },
        "434352c2b6134b909827f386b3644f0f": {
            "text": "L'utilisation du redimensionnement c\u00f4t\u00e9 client vous permet de r\u00e9duire la taille et les dimensions du fichier avant le t\u00e9l\u00e9chargement."
        },
        "edcf99dacdc6160d6eb8d2efb90ee189": {
            "text": "Utilisez le redimensionnement c\u00f4t\u00e9 client lorsque cela est possible"
        },
        "4421a363b922af1808ae2b258c9d11bb": {
            "text": "Utiliser uniquement le redimensionnement c\u00f4t\u00e9 serveur"
        },
        "41d833b452340b52caa65fdcfe181945": {
            "text": "M\u00e9gapixels maximum pour les images t\u00e9l\u00e9charg\u00e9es"
        },
        "86d448ef6f037ce16fc358a22921c45c": {
            "text": "Cela peut \u00eatre utilis\u00e9 comme alternative \u00e0 la largeur\/hauteur max. Sp\u00e9cifiez une valeur \u00e0 virgule flottante (avec un point \u00e0 l'anglaise)"
        },
        "bd035d6e1aa04d38e61f36c27150e39d": {
            "text": "Applicable au redimensionnement c\u00f4t\u00e9 client uniquement."
        },
        "fe64c68c1aa30e687be4aa011b33f15f": {
            "text": "Une bonne valeur pour les sites Web est de 1,7, ce qui correspond \u00e0 environ 1600x1000 pixels, o\u00f9 1600 et 1000 peuvent correspondre \u00e0 la largeur ou \u00e0 la hauteur."
        },
        "c719e0f0e40f5193e0bbe6f9afc408e5": {
            "text": "Autres exemples :"
        },
        "a29b9e543bb7bc0f4b7e2c04d0a1c820": {
            "text": "Pourcentage de qualit\u00e9 du redimensionnement c\u00f4t\u00e9 client pour les JPEG"
        },
        "ab00b0c8eb852647eee9553c75a100fe": {
            "text": "Sp\u00e9cifiez un nombre compris entre 10 (qualit\u00e9 la plus faible\/taille de fichier la plus petite) et 100 (qualit\u00e9 la plus \u00e9lev\u00e9e\/taille de fichier la plus grande). La valeur par d\u00e9faut est 90."
        },
        "dffe78c5f55b8a4187b91c40a03cf904": {
            "text": "Refuser les images d\u00e9passant les dimensions maximales ?"
        },
        "aa09d92fbba4044af814b7504798dec3": {
            "text": "Si coch\u00e9, les images qui d\u00e9passent la largeur\/hauteur maximale (qui ne peuvent pas \u00eatre redimensionn\u00e9es c\u00f4t\u00e9 client) seront refus\u00e9es plut\u00f4t que redimensionn\u00e9es."
        },
        "2d77facadb02370d5dd7c076b5afbee7": {
            "text": "Dimensions minimales de l'image"
        },
        "a195023920e6ece61b6211755c9af27f": {
            "text": "En options, saisissez la largeur et\/ou la hauteur minimales des images t\u00e9l\u00e9charg\u00e9es. Si sp\u00e9cifi\u00e9e(s), les images qui ne respectent pas ces minimums seront refus\u00e9es."
        },
        "d704e5da0e9e4ca2aa3e04201575f44c": {
            "text": "Largeur minimale pour les images t\u00e9l\u00e9charg\u00e9es"
        },
        "b477617de997199bdd26761085aea486": {
            "text": "Hauteur minimale pour les images t\u00e9l\u00e9charg\u00e9es"
        },
        "a39e1de5e7b995d90322ab7d047428bc": {
            "text": "\u00c9changer les dimensions min\/max pour les images portrait ?"
        },
        "7f3d934927a1c106f5191c01b36c7766": {
            "text": "Si coch\u00e9e, les dimensions minimales de largeur\/hauteur et maximales de largeur\/hauteur seront \u00e9chang\u00e9es pour les images portrait afin de s'adapter aux diff\u00e9rents rapports d'aspect."
        },
        "98ebe60c452735dc2ef2249c835eddfe": {
            "text": "S'applique uniquement aux redimensionnements c\u00f4t\u00e9 serveur."
        },
        "b9f5c797ebbf55adccdd8539a65a0241": {
            "text": "D\u00e9sactiv\u00e9"
        },
        "4a5e1c028e0c6d8925f33b1764db442e": {
            "text": "Si vous utilisez le redimensionnement c\u00f4t\u00e9 client, merci de pr\u00e9ciser la largeur et\/ou hauteur max dans les champs ci-dessus ou le poids maxi en m\u00e9gapixels dans le champ ci-dessous"
        }
    }
}