{
    "file": "wire\/modules\/Inputfield\/InputfieldHidden.module",
    "textdomain": "wire--modules--inputfield--inputfieldhidden-module",
    "translations": {
        "689202409e48743b914713f96d93947c": {
            "text": "Valeur"
        },
        "1758cb96bcb06c04bd244697d51ed7dd": {
            "text": "Valeur \u00e0 \u00eatre utilis\u00e9 dans ce champ cach\u00e9."
        },
        "7acdf85c69cc3c5305456a293524386e": {
            "text": "Cach\u00e9"
        },
        "8cdce0bfaf52b2e928d3cc993e3feeca": {
            "text": "input cach\u00e9\/hidden dans un formulaire"
        }
    }
}