{
    "file": "wire\/modules\/Inputfield\/InputfieldAsmSelect\/InputfieldAsmSelect.module",
    "textdomain": "wire--modules--inputfield--inputfieldasmselect--inputfieldasmselect-module",
    "translations": {
        "74c0ecf830d7e594ea8491c932418590": {
            "text": "S\u00e9lection multiple, am\u00e9lioration sur la s\u00e9lection multiple"
        },
        "74e906bc8df82271d879cf0df37fc13c": {
            "text": "Lier les pages s\u00e9lectionn\u00e9es \u00e0 l'\u00e9diteur ?"
        },
        "341aefc07b2236054d74eb4c5b312c8a": {
            "text": "Lorsqu'activ\u00e9, les \u00e9tiquettes s\u00e9lectionn\u00e9es s'affichent comme un lien permettant d'\u00e9diter une page s\u00e9lectionn\u00e9e."
        },
        "bafd7322c6e97d25b6299b5d6fe8920b": {
            "text": "Non"
        },
        "0c4cf3dd938578951cefc0c5503f4939": {
            "text": "="
        },
        "93cba07454f06a4a960172bbd6e2a435": {
            "text": "+"
        },
        "1cd298de417a75485be2184aab1f77b2": {
            "text": "(dans une fen\u00eatre modale)"
        },
        "81d47864028ab1d7917192d7c72a3bd4": {
            "text": "Comment g\u00e9rer les \u00e9l\u00e9ments supprim\u00e9s"
        },
        "4a81ddae4d13f3c7c6e47f9b2f6a5e23": {
            "text": "Marquer l'\u00e9l\u00e9ment pour suppression (avec option de restauration)"
        },
        "08da7e4a00dc5f70c2845c6162f5e477": {
            "text": "Supprimer l'\u00e9l\u00e9ment imm\u00e9diatement"
        }
    }
}