{
    "file": "wire\/modules\/Inputfield\/InputfieldPassword\/InputfieldPassword.module",
    "textdomain": "wire--modules--inputfield--inputfieldpassword--inputfieldpassword-module",
    "translations": {
        "f5b75010ea8a54b96f8fe7dafac65c18": {
            "text": "lettre"
        },
        "bc2ff9ed57230bca54736f58c0e4f997": {
            "text": "lettre bas de casse"
        },
        "47cbf6a33c1c75ad209ebb39434e8c16": {
            "text": "lettre haut de casse"
        },
        "29a1470067b045281deaf936a75d8c06": {
            "text": "chiffre"
        },
        "a0daba589a751c3490e8deaff57e90a5": {
            "text": "symbole \/ signe de ponctuation"
        },
        "af214972865d03cc4eb63ed9f0b75554": {
            "text": "D\u00e9finir le mot de passe"
        },
        "69c6b6ea639e3235de2ac849162c941c": {
            "text": "long d'au moins %d caract\u00e8res"
        },
        "4aa7f5956c86c3e23915ec696eb8c6c6": {
            "text": "Requiert au minimum : %s."
        },
        "d9c2d86a66aa5a45326c3757f3a272cc": {
            "text": "Mot de passe actuel"
        },
        "3544848f820b9d94a3f3871a382cf138": {
            "text": "Nouveau mot de passe"
        },
        "70d9be9b139893aa6c69b5e77e614311": {
            "text": "Confirmer"
        },
        "4bf6db34b23fdef1751e089f21dfb791": {
            "text": "Pas encore correct"
        },
        "4bbb8f967da6d1a610596d7257179c2b": {
            "text": "Incorrect"
        },
        "c012e2a8b9e129403f8b93547086500a": {
            "text": "Trop court"
        },
        "8654375cc9be52c332c401352dbb9ad4": {
            "text": "Trop commun"
        },
        "e3f1d4a999777988a7c6662b45e550b1": {
            "text": "Identique \u00e0 l'ancien"
        },
        "7324e3727807d95037eb19d304fd91ec": {
            "text": "Faible"
        },
        "a60852f204ed8028c1c58808b746d115": {
            "text": "="
        },
        "0c6ad70beb3a7e76c3fc7adab7c46acc": {
            "text": "Bon"
        },
        "fcc2d28a33d2df558f18766e067569c6": {
            "text": "="
        },
        "a61bbf7ad0ed153cb6c84fe3c8a9f2bb": {
            "text": "Correspond"
        },
        "4ff8f01cf1d14a50f9fd06b32fb6b073": {
            "text": "Ne correspond pas"
        },
        "0a836585fecaf2021c1cf7a25eb932c6": {
            "text": "L'ancien mot de passe est requis pour entrer le nouveau."
        },
        "0ce70633a41dc5c5f1143146bfffaa92": {
            "text": "L'ancien mot de passe que vous avez rentr\u00e9 est incorrect."
        },
        "867cee98fdd724e7d5bc87f61ce657bc": {
            "text": "Les mots de passe ne sont pas identiques"
        },
        "7476d9ca9a945f86c26dfd4d5efa8320": {
            "text": "Le mot de passe requis n'a pas \u00e9t\u00e9 rentr\u00e9"
        },
        "e00f3b748d9ce505eb2a9c80bedab900": {
            "text": "Le mot de passe contient des espaces blancs incorrects"
        },
        "5c33e11582c8eb21d8f19cc51084d478": {
            "text": "Le mot de passe est plus court que le nombre de caract\u00e8res requis"
        },
        "5cdce68c6dc93aaa78490162327fadd7": {
            "text": "Le mot de passe doit au moins contenir une lettre (a-z A-Z)"
        },
        "ed3074381758b633a3864645fa28242a": {
            "text": "Le mot de passe doit au moins contenir une lettre bas de casse (a-z)"
        },
        "5849909db3843119a232eb7abe586f16": {
            "text": "Le mot de passe doit au moins contenir une lettre haut de casse (a-z)"
        },
        "27d864b5eceddbf8b31385a9c2077caa": {
            "text": "Le mot de passe doit au moins contenir une chiffre (0-9)"
        },
        "463eaed349f2a4ef4b27982f49ac0393": {
            "text": "Le mot de passe doit au moins contenir un caract\u00e8re non-alphab\u00e9tique et non num\u00e9rique (comme un signe de ponctuation)"
        },
        "48f21f57810be80df2c8c3365287e040": {
            "text": "Obligations de mot de passe"
        },
        "09978a3eacbaf14a9a3034783eaa625f": {
            "text": "Mode bannissement de mots"
        },
        "bcb96ab1c9d563678a9f5e56be33bb83": {
            "text": "Si vous choisissez le mode strict, beaucoup de mots de passe contenant des mots ne seront pas accept\u00e9s."
        },
        "b0a776318b70ff2500e1a78da0d26446": {
            "text": "Bannir seulement les mots de passe trop commun (recommand\u00e9)"
        },
        "c4ea048bc62d1864591344039210215e": {
            "text": "Bannir tous les mots de passe contenant un mot commun (strict)"
        },
        "5b8935e63ff12d77958b22d2348a8402": {
            "text": "Facteur de complexit\u00e9"
        },
        "de512604c79d42083a531a20da3c4f88": {
            "text": "Les petits nombres autorisent les plus faibles mots de passe, les grands nombres demandent de plus forts mots de passe."
        },
        "bba87093db4f328c614f0586ba426abd": {
            "text": "Nous recommandons quelque chose entre 0.5 et 1.0"
        },
        "4c6df844ef940ff03e2c5385cb7628e9": {
            "text": "Longueur minimale du mot de passe"
        },
        "72ca0fe877cb728b06ac1a676f706561": {
            "text": "Autoriser les mots de passe existants \u00e0 \u00eatre montr\u00e9 dans un formulaire ?"
        },
        "a3375ef31a08be286ac6e89e029c82b2": {
            "text": "Demander l'ancien mot de passe avant d'autoriser des changements ?"
        },
        "7edb0ec4f2d7c1fff947ae2f80ba5dfc": {
            "text": "S'applique aux usages o\u00f9 ce champ appara\u00eet \u00e0 seulement des utilisateurs d\u00e9j\u00e0 connect\u00e9s."
        },
        "06b9281e396db002010bde1de57262eb": {
            "text": "Automatique"
        },
        "93cba07454f06a4a960172bbd6e2a435": {
            "text": "Oui"
        },
        "bafd7322c6e97d25b6299b5d6fe8920b": {
            "text": "Non"
        },
        "0c380241031de9b0ff753a076eb3d4da": {
            "text": "aucun (d\u00e9sactive tout ce qui pr\u00e9c\u00e8de)"
        },
        "684fe1df0fb45c7acb4034164d4c8f9b": {
            "text": "Sp\u00e9cifiez -1 pour d\u00e9sactiver cette fonction."
        },
        "6dfc77a11e4ea848d807b5365dd43d74": {
            "text": "Voir le mot de passe"
        },
        "941ed970342a3a14cd20351d15f054bd": {
            "text": "Cacher le mot de passe"
        },
        "3a46fbb9e3e7d212ab6f9f79415874c2": {
            "text": "Permettre \u00e0 l'utilisateur de voir le mot de passe pendant la modification"
        },
        "e4d7fc7a63b46e6ad8575eb7242f9d33": {
            "text": "Fournit un contr\u00f4le de mot de passe pour afficher\/masquer afin que les utilisateurs puissent voir ce qu'ils tapent dans un environnement appropri\u00e9."
        }
    }
}