{
    "file": "wire\/modules\/Inputfield\/InputfieldText\/InputfieldText.module",
    "textdomain": "wire--modules--inputfield--inputfieldtext--inputfieldtext-module",
    "translations": {
        "3c046b3ba4bce0e808ae74b1f17d4cdc": {
            "text": "1 mot"
        },
        "4694403722611f0dab5b4020626b289b": {
            "text": "%d mots"
        },
        "266be751f6043dd6f14366d90c02e395": {
            "text": "1 caract\u00e8re"
        },
        "1799f67dd85c2b51921d814c95bc30dc": {
            "text": "%d caract\u00e8res"
        },
        "42eab4ec87a7e8c172ab10a645ab9301": {
            "text": "(au moins %d requis)"
        },
        "cd4377f9e686f1024a3d4358bf96235e": {
            "text": "="
        },
        "3c5d93eab9cf5f9c46905bcf44e863af": {
            "text": "Ne correspond pas au sch\u00e9ma requis"
        },
        "587a544effd13d88cb89456df1222d73": {
            "text": "Un minimum de %1$d caract\u00e8res est requis (il y en a actuellement %2$d)."
        },
        "773726357c07d9847f900eef6ed9b6af": {
            "text": "La valeur a d\u00e9pass\u00e9 la longueur maximale autoris\u00e9e de %d caract\u00e8res et a \u00e9t\u00e9 tronqu\u00e9e."
        },
        "65be4bb9e294bfb3e8b7c09ca0017ef4": {
            "text": "Longueur minimum"
        },
        "9df187935ceb54067692c568b45e042b": {
            "text": "La longueur minimale (en caract\u00e8res) requise par ce champ."
        },
        "8eaf7dcee17c55fd550a28c803b47718": {
            "text": "Si le champ n'est pas \"requis\", la longueur minimale n'est appliqu\u00e9e que lorsqu'une valeur est pr\u00e9sente"
        },
        "94f0e608658539187d65dddeea593677": {
            "text": "Longueur maximum"
        },
        "a4965347ff8523a66897b92fec81e04e": {
            "text": "La longueur maximum (en caract\u00e8res) autoris\u00e9e par ce champ."
        },
        "62b926a914028b7677a7c1e33ae9306e": {
            "text": "0 signifie aucune limite"
        },
        "64d129224a5377b63e9727479ec987d9": {
            "text": "Compteur"
        },
        "e98d599c27d0cc5eac6f2306b4c5891a": {
            "text": "Pas de compteur"
        },
        "00914008e58920e2994f712269d2e306": {
            "text": "Compteur de caract\u00e8res"
        },
        "e5be16f125cae69d8a9185392d6b3393": {
            "text": "Compteur de mots"
        },
        "8f72b73949c8127fb6e116573cbb970c": {
            "text": "Il est recommand\u00e9 d'afficher un compteur de caract\u00e8res lorsque vous utilisez les param\u00e8tres de longueur minimum\/maximum ci-dessus."
        },
        "6f6cb72d544962fa333e2e34ce64f719": {
            "text": "Taille"
        },
        "7fcc26bcb0e9d85b555592f97cde9539": {
            "text": "La largeur affich\u00e9e de ce champ (en caract\u00e8res). Mettre \u00e0 0 pour pleine largeur."
        },
        "0c576bc57cb2f57f4a2632d59599c26e": {
            "text": "Couper les tags"
        },
        "e79dbc99408f4949cb46ad5b73c7408a": {
            "text": "Si coch\u00e9e, toutes les balises HTML seront supprim\u00e9es de la saisie lors du traitement du formulaire."
        },
        "e69230ccdb60475aa38ea2c4cdc72ea0": {
            "text": "Recommand\u00e9 si le champ n'a pas besoin de prendre du HTML en charge."
        },
        "6485c7641245873388f0170f472183c6": {
            "text": "Texte du placeholder"
        },
        "dc08a8f73b667ceb56b5a22449e41d3e": {
            "text": "Phrase ou texte optionnelle pour le placeholder visible dans le champ quand il est vide"
        },
        "57391192dfa1f247ad015a0fe2eca48e": {
            "text": "="
        },
        "6a5e3a3d3be1a3d27b96e1e378c31ad9": {
            "text": "Pattern d'expression r\u00e9guli\u00e8re facultative \u00e0 exiger dans l'entr\u00e9e. Ceci est utilis\u00e9 \u00e0 la fois c\u00f4t\u00e9 client (attribut de mod\u00e8le HTML5) et c\u00f4t\u00e9 serveur pour la validation. Assurez-vous de fournir un exemple du mod\u00e8le requis dans la description de votre champ"
        },
        "68adfe27201a615848e5da595ae9f690": {
            "text": "Valeur initiale"
        },
        "c3924ea34ee91e9de3ff80493fce8527": {
            "text": "Valeur initiale\/par d\u00e9faut facultative pr\u00e9-remplie pour l'utilisateur."
        },
        "9dffbf69ffba8bc38bc4e01abf4b1675": {
            "text": "Texte"
        },
        "03272093fac940815539048b032444ea": {
            "text": "Texte sur une ligne"
        },
        "5f66b8b9ead3dda0aa3b7289d83c0020": {
            "text": "Pour plus d'informations sur l'attribut pattern, voir [ici](%s)."
        },
        "84f83bc640fb8de5e4c4551106b65f22": {
            "text": "Autocompl\u00e9tion"
        },
        "6adf97f83acf6453d4a6a4b1070f3754": {
            "text": "Aucun(e)"
        },
        "521c36a31c2762741cf0f8890cbe05e3": {
            "text": "="
        },
        "d15305d7a4e34e02489c74a5ef542f36": {
            "text": "="
        },
        "ce8ae9da5b7cd6c3df2929543a9af92d": {
            "text": "="
        },
        "5a7dc2ed3675b47601bc398b41e36186": {
            "text": "GT\u00e9l\u00e9phone"
        },
        "07c77c24d238914a77a8daec46154bc4": {
            "text": "Pr\u00e9nom( de naissance)"
        },
        "4f6df2fcb02d815e654ca396cd35ffe7": {
            "text": "Nom de famille"
        },
        "511202d0399dbf8cdcd0a651a3b8aa65": {
            "text": "Nom complet"
        },
        "e3535bcdb8dfb7613cb70b37600f69f2": {
            "text": "Adresse rue"
        },
        "f6039d44b29456b20f8f373155ae4973": {
            "text": "Nom d'utilisateur"
        },
        "75e37fedd7b102fd56d5aff696b57094": {
            "text": "Code \u00e0 usage unique (code de v\u00e9rification)"
        }
    }
}